<?xml version="1.0" encoding="utf-8"?>
<manifest package="com.beanu.l3_guide"
          xmlns:android="http://schemas.android.com/apk/res/android">
    <!-- 从sdcard中读取数据的权限 -->
    <uses-permission android:name="android.permission.READ_EXTERNAL_STORAGE"/>
    <!-- 往sdcard中写入数据的权限 -->
    <uses-permission android:name="android.permission.WRITE_EXTERNAL_STORAGE"/>
    <application
        android:allowBackup="true"
        android:icon="@mipmap/ic_launcher"
        android:label="@string/app_name"
        android:roundIcon="@mipmap/ic_launcher_round"
        android:supportsRtl="true"
        android:theme="@style/AppTheme">
        <activity android:name=".DemoActivity">
            <intent-filter>
                <action android:name="android.intent.action.MAIN"/>

                <category android:name="android.intent.category.LAUNCHER"/>
            </intent-filter>
        </activity>
        <activity android:name=".common.GuideActivity"/>
        <activity android:name=".video.GuideVideoActivity"/>

    </application>

</manifest>