<?xml version="1.0" encoding="utf-8"?>
<manifest package="com.beanu.l2_shareutil"
          xmlns:android="http://schemas.android.com/apk/res/android">

    <uses-permission android:name="android.permission.INTERNET"/>
    <uses-permission android:name="android.permission.ACCESS_NETWORK_STATE"/>
    <uses-permission android:name="android.permission.ACCESS_WIFI_STATE"/>
    <uses-permission android:name="android.permission.WRITE_EXTERNAL_STORAGE"/>
    <uses-permission android:name="android.permission.READ_EXTERNAL_STORAGE"/>
    <uses-permission android:name="android.permission.READ_PHONE_STATE"/>

    <application
        android:name=".demo.MyApplication"
        android:allowBackup="true"
        android:icon="@mipmap/ic_launcher"
        android:label="@string/app_name"
        android:roundIcon="@mipmap/ic_launcher_round"
        android:supportsRtl="false"
        android:theme="@style/AppTheme">

        <activity android:name=".demo.DemoActivity">
            <intent-filter>
                <action android:name="android.intent.action.MAIN"/>

                <category android:name="android.intent.category.LAUNCHER"/>
            </intent-filter>
        </activity>

        <activity
            android:name="com.sina.weibo.sdk.component.WeiboSdkBrowser"
            android:configChanges="keyboardHidden|orientation"
            android:exported="false"
            android:windowSoftInputMode="adjustResize"
            >
        </activity>

        <activity
            android:name="com.tencent.connect.common.AssistActivity"
            android:configChanges="orientation|keyboardHidden"
            android:screenOrientation="behind"
            android:taskAffinity="me.shaohui.shareutil"
            android:theme="@android:style/Theme.Translucent.NoTitleBar"
            >
        </activity>

        <activity
            android:name="com.tencent.tauth.AuthActivity"
            android:noHistory="true">
            <intent-filter>
                <action android:name="android.intent.action.VIEW"/>

                <category android:name="android.intent.category.DEFAULT"/>
                <category android:name="android.intent.category.BROWSABLE"/>

                <data android:scheme="tencent${qq_id}"/>
            </intent-filter>
        </activity>
        <activity
            android:name="._ShareActivity"
            android:launchMode="singleTask"
            android:taskAffinity="${applicationId}"
            android:theme="@android:style/Theme.Translucent.NoTitleBar">
            <intent-filter>
                <action android:name="com.sina.weibo.sdk.action.ACTION_SDK_REQ_ACTIVITY"/>
                <category android:name="android.intent.category.DEFAULT"/>
            </intent-filter>
        </activity>

        <activity-alias
            android:name="${applicationId}.wxapi.WXEntryActivity"
            android:exported="true"
            android:targetActivity="._ShareActivity"/>

    </application>

</manifest>