<?xml version="1.0" encoding="utf-8"?>
<manifest package="com.beanu.l3_login"
          xmlns:android="http://schemas.android.com/apk/res/android">

    <application
        android:allowBackup="true"
        android:icon="@mipmap/ic_launcher"
        android:label="@string/app_name"
        android:supportsRtl="true"
        android:theme="@style/AppTheme">
        <activity android:name=".SignIn2Activity">
            <intent-filter>
                <action android:name="android.intent.action.MAIN"/>

                <category android:name="android.intent.category.LAUNCHER"/>
            </intent-filter>
        </activity>

        <activity android:name=".ui.Register2Activity"/>
        <activity android:name=".ui.Register3Activity"/>
        <activity android:name=".ui.LoginActivity"/>
        <activity android:name=".ui.RegisterActivity"/>
        <activity android:name=".SignInActivity"/>
    </application>

</manifest>