<?xml version="1.0" encoding="utf-8"?>
<manifest package="com.beanu.l2_zxing"
          xmlns:android="http://schemas.android.com/apk/res/android">
    //zxing
    <uses-permission android:name="android.permission.CAMERA"/>
    <uses-permission android:name="android.permission.FLASHLIGHT"/>
    <uses-permission android:name="android.permission.VIBRATE"/>

    <application
        android:allowBackup="true"
        android:icon="@mipmap/ic_launcher"
        android:label="@string/app_name"
        android:supportsRtl="true"
        android:theme="@style/AppTheme">
        <activity android:name=".demo.DemoActivity">
            <intent-filter>
                <action android:name="android.intent.action.MAIN"/>

                <category android:name="android.intent.category.LAUNCHER"/>
            </intent-filter>
        </activity>

        <activity android:name=".demo.MyCaptureActivity"/>
        <activity android:name=".CaptureActivity"/>

    </application>

</manifest>